{
  "pre_2019_avg_daily_revenue": 5070140.950215008,
  "post_2019_avg_daily_revenue": 3014443.70405202,
  "revenue_drop_pct_after_2018": 40.545169579078724,
  "corr_revenue_orders": 0.9359414011852021,
  "corr_revenue_sessions": 0.3210501612846629,
  "corr_revenue_conversion_proxy": 0.6259130042905796,
  "fixed_promo_margin_pct": -61.234215308816964,
  "fixed_promo_gp_vnd": -230530741.3288006,
  "cod_cancel_pct": 15.999007043783164,
  "credit_card_cancel_pct": 7.984240301724138,
  "streetwear_revenue_share_pct": 79.920666234262,
  "streetwear_refund_share_pct": 79.65323907389325,
  "streetwear_stockout_pct": 67.321083172147,
  "streetwear_overstock_pct": 74.92585428755642,
  "streetwear_days_of_supply": 887.1366924564796,
  "cod_revenue_at_risk_vnd": 197476151.88492578,
  "streetwear_wrong_size_10pct_savings_vnd": 14035375.89,
  "weekday_best": "Wednesday",
  "weekday_worst": "Saturday",
  "peak_month": 4,
  "trough_month": 12,
  "aov_vnd": 25397.022290194684,
  "units_per_order": 4.966640131695894,
  "promo_penetration_pct": 38.663493169565214,
  "repeat_purchase_rate_pct": 75.22549475877047,
  "return_rate_order_pct": 6.97907554633493,
  "cancel_rate_pct": 9.191198633577816,
  "best_channel_aov_name": "direct",
  "best_channel_aov_vnd": 25505.432421705067,
  "best_channel_cancel_name": "paid_search",
  "best_channel_cancel_pct": 9.101883489114167,
  "worst_channel_cancel_name": "referral",
  "worst_channel_cancel_pct": 9.336327731743205
}